{"stats":{"minecraft:picked_up":{"minecraft:anvil":1},"minecraft:dropped":{"minecraft:anvil":0,"minecraft:netherite_block":64},"minecraft:custom":{"minecraft:time_since_rest":82878,"minecraft:walk_one_cm":55234,"minecraft:leave_game":7,"minecraft:play_time":82878,"minecraft:jump":121,"minecraft:time_since_death":82878,"minecraft:drop":2,"minecraft:sprint_one_cm":7794,"minecraft:total_world_time":138212,"minecraft:fly_one_cm":458764,"minecraft:interact_with_anvil":1,"minecraft:walk_on_water_one_cm":91,"minecraft:crouch_one_cm":4341,"minecraft:sneak_time":3441,"minecraft:climb_one_cm":73},"minecraft:used":{"minecraft:polished_tuff":1,"minecraft:nether_bricks":1,"minecraft:white_terracotta":21,"minecraft:brown_terracotta":1,"minecraft:mossy_cobblestone":3,"minecraft:red_sand":280,"minecraft:water_bucket":2,"minecraft:light_gray_terracotta":29,"minecraft:rooted_dirt":3,"minecraft:dark_oak_planks":9,"minecraft:anvil":1,"minecraft:stone_bricks":7,"minecraft:white_concrete_powder":2,"minecraft:dark_oak_fence":13,"minecraft:light_blue_stained_glass":8,"minecraft:dirt":1,"minecraft:terracotta":24,"minecraft:chiseled_stone_bricks":11,"minecraft:raw_gold_block":770,"minecraft:coarse_dirt":2,"minecraft:tuff":4,"minecraft:polished_granite":1,"minecraft:dark_oak_sign":2,"minecraft:pale_moss_block":10,"minecraft:smooth_stone":3,"minecraft:yellow_terracotta":8,"minecraft:magenta_wool":1,"minecraft:diorite":40,"minecraft:cobweb":13,"minecraft:orange_terracotta":17,"minecraft:dead_bush":15,"minecraft:cobblestone":3,"minecraft:rail":16,"minecraft:red_terracotta":1,"minecraft:snow_block":3,"minecraft:gold_ore":445,"minecraft:gray_terracotta":3,"minecraft:moss_block":9,"minecraft:gold_block":576}},"DataVersion":4325}